Company	Company Type	Provider/Cert. ID	Website	Phone Number	more_info
A Shade Greener	Assessor	STRA10285		0845 120 5484	/index.php?option=com_content&view=article&id=132&assessor_id=9085
Cameron and Fergusson Ltd	Assessor	QUIA00075		07703 488288	/index.php?option=com_content&view=article&id=132&assessor_id=9042
Greenworks Green Deal	Assessor	STRA10028	www.greenworks.co.uk	0845 0950049	/index.php?option=com_content&view=article&id=132&assessor_id=9390
McGill & Co Ltd T/A McGill	Assessor	EESA12104	www.mcgill.co.uk	01382 883833	/index.php?option=com_content&view=article&id=132&assessor_id=9106
Urban Renewable Power	Assessor	STRA14927		1142473085	/index.php?option=com_content&view=article&id=132&assessor_id=9526
Effective Energy Solutions	Assessor	EESA12016	www.effective-energy.co.uk	01909 511260	/index.php?option=com_content&view=article&id=132&assessor_id=9227
A & M Energy Solutions Ltd	Assessor	STRA10031	www.am-energy.com	0800 318 867	/index.php?option=com_content&view=article&id=132&assessor_id=9388
City Energy South Wales	Assessor	EESA12090	www.cityenergy.org.uk	02920 499183	/index.php?option=com_content&view=article&id=132&assessor_id=9181
Viridium	Assessor	QUIA00061	www.viridium.org	0151 530 1862	/index.php?option=com_content&view=article&id=132&assessor_id=9018
Silver City Energy Ltd	Assessor	QUIA00065	www.silvercityenergy.co.uk	01224 968444	/index.php?option=com_content&view=article&id=132&assessor_id=9139
Green Deal & ECO Property Services Limited	Assessor	STRA10176	www.renewableenergyservices.co.uk	01782 285888	/index.php?option=com_content&view=article&id=132&assessor_id=9315
Clouds Environmental Consultancy Ltd	Assessor	BREA00018	www.cloudsenvironmental.co.uk	023 9263 9858	/index.php?option=com_content&view=article&id=132&assessor_id=9243
Logical Insulation Solutions Ltd	Assessor	ECMA30051	www.logicalinsulations.co.uk	1324477090	/index.php?option=com_content&view=article&id=132&assessor_id=8915
Lochalsh & Skye Housing Association - Energy Advice Service	Assessor	EESA12112	www.lsha.co.uk	01478 612035	/index.php?option=com_content&view=article&id=132&assessor_id=9052
Green Deal Finance Cornwall Ltd T/A Green Deal Cornwall	Assessor	STRA10316	www.greendeal-cornwall.co.uk	0800 0463267	/index.php?option=com_content&view=article&id=132&assessor_id=8958
Climate Energy Limited	Assessor	BSIA99852	www.green-deal.uk.com	0208 633 9809	/index.php?option=com_content&view=article&id=132&assessor_id=9416
Conwy Valley Windows and Conservatories Ltd	Assessor	EESA12115	www.conwyvalleywindows.co.uk	01492 554000	/index.php?option=com_content&view=article&id=132&assessor_id=9093
Keepmoat Regeneration Limited	Assessor	STRA10036	www.keepmoat.com	01302 346620	/index.php?option=com_content&view=article&id=132&assessor_id=9386
Green Energy Scotland Limited	Assessor	STRA10150	www.greenenergy-scotland.co.uk	0141 404 5819	/index.php?option=com_content&view=article&id=132&assessor_id=9331
Enhanced Carbon Savings Ltd	Assessor	STRA10186	www.enhancedcs.co.uk	0800 012 4749	/index.php?option=com_content&view=article&id=132&assessor_id=9307
Quality System Designs Limited	Assessor	EESA12117		01352 712182	/index.php?option=com_content&view=article&id=132&assessor_id=9080
Logical Insulation Solutions Limited	Assessor	EESA12055	www.logicalinsulations.co.uk	01324 477090	/index.php?option=com_content&view=article&id=132&assessor_id=9207
Coolheat Energy Systems	Assessor	STRA10221	www.coolheatenergy.co.uk	07885 969 264	/index.php?option=com_content&view=article&id=132&assessor_id=9279
Happy Energy Ltd	Assessor	STRA10234	www.happyenergy.co.uk	08000 246234	/index.php?option=com_content&view=article&id=132&assessor_id=9268
GDA Surveys Ltd	Assessor	QUIA00016		0161 220 1810	/index.php?option=com_content&view=article&id=132&assessor_id=8983
2 RED Ltd	Assessor	STRA10145	www.2red.co.uk	0303 031 0001	/index.php?option=com_content&view=article&id=132&assessor_id=9335
UK Green Deal Advisory Service Ltd.	Assessor	STRA10002	www.ukgdas.co.uk	01302 802050	/index.php?option=com_content&view=article&id=132&assessor_id=9403
The Smith Emsley Partnership Ltd	Assessor	QUIA00058	www.smithemsley.co.uk	0131 6647250	/index.php?option=com_content&view=article&id=132&assessor_id=9142
The Office Your Office	Assessor	EESA12036	www.theofficeyouroffice.com	01580 848434	/index.php?option=com_content&view=article&id=132&assessor_id=9219
Husky Heat Pumps Ltd	Assessor	STRA10172	www.huskyheatpumps.co.uk	01704 509596	/index.php?option=com_content&view=article&id=132&assessor_id=9318
Trade 2 LTd	Assessor	STRA10204	www.trade2.co.uk	0844 967 4480	/index.php?option=com_content&view=article&id=132&assessor_id=9292
Contract Data Management Limited T/A Neoverde	Assessor	STRA10295	www.neo-verde.co.uk	1395278573	/index.php?option=com_content&view=article&id=132&assessor_id=9064
Energy Saving Green Deal Ltd	Assessor	QUIA00071		07915 162653	/index.php?option=com_content&view=article&id=132&assessor_id=9090
S C Enterprises Ltd	Assessor	STRA10299		0141 951 7800	/index.php?option=com_content&view=article&id=132&assessor_id=9059
Green Efficiencies Ltd	Assessor	STRA10290	www.greenefficiencies.com	01276 38307	/index.php?option=com_content&view=article&id=132&assessor_id=9072
Energy Solutions	Assessor	STRA10263	www.esegltd.com	0141 258 3313	/index.php?option=com_content&view=article&id=132&assessor_id=9125
Innoza T/A Kingsmeer Domestic Energy Assessors	Assessor	STRA10297	www.kingsmeer.com	0121 622 8203	/index.php?option=com_content&view=article&id=132&assessor_id=9061
Green Deal Solutions	Assessor	EESA12058	www.greendealsolutions.co	0116 2437207	/index.php?option=com_content&view=article&id=132&assessor_id=9204
Green Home Systems Limited	Assessor	ECMA30023	www.greenhomesystems.co.uk	0800 780 3373	/index.php?option=com_content&view=article&id=132&assessor_id=8945
Envirozone UK Ltd	Assessor	STRA10194	www.envirozoneuk.com	01633 546553	/index.php?option=com_content&view=article&id=132&assessor_id=9300
Job Worth Doing Ltd	Assessor	EESA12108	www.jobworthdoing.co.uk	01606 866500	/index.php?option=com_content&view=article&id=132&assessor_id=9029
21st century Eco-Homes Ltd	Assessor	STRA10229	www.21stcenturyecohomes.co.uk	01977 625895	/index.php?option=com_content&view=article&id=132&assessor_id=9272
DEA Torbay	Assessor	STRA10320	www.deatorbay.co.uk	01803 400094	/index.php?option=com_content&view=article&id=132&assessor_id=8951
Energy Smart (UK) Ltd	Assessor	STRA10143	www.energy-smart.uk.com	0800 046 7345	/index.php?option=com_content&view=article&id=132&assessor_id=9337
CV Energy Ltd.	Assessor	STRA10004	www.cvenergy.co.uk	01926 857894	/index.php?option=com_content&view=article&id=132&assessor_id=9402
Wisemove Land & Property Consultants Ltd	Assessor	EESA12114	www.wisemove.co.uk	01388 762156	/index.php?option=com_content&view=article&id=132&assessor_id=9099
GMGB	Assessor	QUIA00024	www.graftongb.co.uk	01865 871700	/index.php?option=com_content&view=article&id=132&assessor_id=9007
Gr33n Ltd	Assessor	STRA10292	www.gr33n.co.uk	01302 875875	/index.php?option=com_content&view=article&id=132&assessor_id=9069
TADEA Limited	Assessor	EESA12023	www.tadea.com	0845 602 9569	/index.php?option=com_content&view=article&id=132&assessor_id=9225
Warmer Energy Services	Assessor	STRA10277	www.warmerenergyservices.com	0151 545 2600	/index.php?option=com_content&view=article&id=132&assessor_id=9100
Home Solar Power TA Mr Renewables	Assessor	STRA10192	www.mrrenewables.co.uk	01603 343777	/index.php?option=com_content&view=article&id=132&assessor_id=9302
Save Co2 Ltd	Assessor	QUIA00017	www.save-co2.co.uk	0844 3183111	/index.php?option=com_content&view=article&id=132&assessor_id=9012
Green ROI Ltd T/A Ecobytes	Assessor	EESA12089	www.greenroi.co.uk	01634 505100	/index.php?option=com_content&view=article&id=132&assessor_id=9182
Concept Energy Solutions Ltd	Assessor	QUIA00073		01256 303620	/index.php?option=com_content&view=article&id=132&assessor_id=9076
Help-Link UK Ltd	Assessor	STRA10190	www.help-link.co.uk	01977 665900	/index.php?option=com_content&view=article&id=132&assessor_id=9304
Glevum Energy	Assessor	QUIA00062	www.glevum.co.uk	01452 760000	/index.php?option=com_content&view=article&id=132&assessor_id=8974
WA Eneregy Service s Limited	Assessor	STRA10267	www.waenergyservices.co.uk	0151 424 3606	/index.php?option=com_content&view=article&id=132&assessor_id=9112
Concept Energy Solutions Limited	Assessor	BREA00011	www.conceptenergy.org	01256 303620	/index.php?option=com_content&view=article&id=132&assessor_id=9247
Harper Vale Limited	Assessor	EESA12063	harpervale.com	0844 5855480	/index.php?option=com_content&view=article&id=132&assessor_id=9202
Retford Property Services Limited	Assessor	STRA10138		01777 702468	/index.php?option=com_content&view=article&id=132&assessor_id=9339
Bierce Technical Services Ltd	Assessor	BSIA29231	www.bierce.co.uk	01480 445 081	/index.php?option=com_content&view=article&id=132&assessor_id=9098
Talk Green Ltd	Assessor	QUIA00037	www.talkgreen.co.uk	0115 8800066	/index.php?option=com_content&view=article&id=132&assessor_id=9151
Go-Green Energy (Group) Ltd	Assessor	STRA10100	www.go-greenenergy.co.uk	0800 043 0191	/index.php?option=com_content&view=article&id=132&assessor_id=9359
Central Gas Maintenance Ltd t/a Heatserve	Assessor	STRA10314	www.heatserve-greendeal.co.uk	01902 858476	/index.php?option=com_content&view=article&id=132&assessor_id=9017
D K Hughes Plumbing Ltd	Assessor	STRA10199		7788727178	/index.php?option=com_content&view=article&id=132&assessor_id=9295
BCA Insulation Ltd	Assessor	BSIA09582		01501 825 682	/index.php?option=com_content&view=article&id=132&assessor_id=9432
GDA Surveys Limited	Assessor	STRA10146		0161 220 1810	/index.php?option=com_content&view=article&id=132&assessor_id=9334
Valley Heating Services Ltd	Assessor	ECMA30037	www.vhsgroup.co.uk	1246580120	/index.php?option=com_content&view=article&id=132&assessor_id=8930
Pro Energy Advice Ltd	Assessor	STRA10284	www.proeauk.com	0800 5404303	/index.php?option=com_content&view=article&id=132&assessor_id=9086
Thrift Energy	Assessor	QUIA00008	www.thriftenergy.co.uk	0191 4875545	/index.php?option=com_content&view=article&id=132&assessor_id=8988
Renewable Planet Ltd	Assessor	STRA10214	www.renewableplanet.co.uk	0161 486 3390	/index.php?option=com_content&view=article&id=132&assessor_id=9285
Munster Energy Limited	Assessor	STRA10182		01454 201 439	/index.php?option=com_content&view=article&id=132&assessor_id=9311
Energize Investments Ltd	Assessor	ECMA30022	www.energizeinvestments.co.uk	1332856355	/index.php?option=com_content&view=article&id=132&assessor_id=8946
Bartram Walker Ltd	Assessor	NAPA21591	www.eshgroup.co.uk	0191 3774570	/index.php?option=com_content&view=article&id=132&assessor_id=9173
Jackson & Son Ltd	Assessor	NICA00118		01706 861162	/index.php?option=com_content&view=article&id=132&assessor_id=9163
Domestic & General Heating Ltd	Assessor	STRA10187	www.gasheatinginstallers.co.uk	01902 405000	/index.php?option=com_content&view=article&id=132&assessor_id=9306
West Coast Energy Scotland Ltd	Assessor	STRA10223		0800 772 0344	/index.php?option=com_content&view=article&id=132&assessor_id=9277
Green Energy Advisor Ltd	Assessor	STRA10105	www.greenenergyadvisor.co.uk	0161 2661055	/index.php?option=com_content&view=article&id=132&assessor_id=9355
Dyson Energy Services Ltd	Assessor	BSIA37963	www.dysonenergyservices.co.uk	01484 406 060	/index.php?option=com_content&view=article&id=132&assessor_id=9426
E Green Energy Ltd	Assessor	STRA10159	www.egreenenergygroup.com	0191 4956253	/index.php?option=com_content&view=article&id=132&assessor_id=9325
MMHG LTD T/A MakeMyHomeGreen	Assessor	STRA10293	www.makemyhomegreen.com	0207 502 0999	/index.php?option=com_content&view=article&id=132&assessor_id=9068
First Choice Energy Systems Ltd	Assessor	QUIA00031	www.fcenergy.co.uk	01792 477033	/index.php?option=com_content&view=article&id=132&assessor_id=9141
Catalyst Orkney	Assessor	QUIA00047	www.green-deal-assessor-orkney.co.uk	01856 701816	/index.php?option=com_content&view=article&id=132&assessor_id=8997
GM Contracts Ltd	Assessor	EESA12068	www.gmenergy.co.uk	01733 689136	/index.php?option=com_content&view=article&id=132&assessor_id=9198
Elvet Construction Consultants	Assessor	BSIA96141	www.elvetconsultants.co.uk/sustainability/green-deal-1-1	01207 524823	/index.php?option=com_content&view=article&id=132&assessor_id=9422
ECH Green Deal Ltd	Assessor	STRA12256		01329 808008	/index.php?option=com_content&view=article&id=132&assessor_id=8934
David Hayes - The Business Agent (South West) Ltd T/A Southernhay Living	Assessor	EESA12097		07788 588125	/index.php?option=com_content&view=article&id=132&assessor_id=9131
Energysave Northwest Ltd	Assessor	STRA10254	www.energysavenorthwest.co.uk	01925 574155	/index.php?option=com_content&view=article&id=132&assessor_id=9249
Green Deal Consulting	Assessor	QUIA00021	www.greendealconsulting.co.uk	0845 0940340	/index.php?option=com_content&view=article&id=132&assessor_id=9009
Synergy Assessment Limited	Assessor	EESA12041	www.synergyassessment.co.uk	0116 2601643	/index.php?option=com_content&view=article&id=132&assessor_id=1340
G2V Limited	Assessor	STRA10252	g2v.uk.com	0844 318 1982	/index.php?option=com_content&view=article&id=132&assessor_id=9251
Haigh Plumbing and Heating Ltd	Assessor	STRA10197	www.haighplumbingandheating.co.uk	01257 424166	/index.php?option=com_content&view=article&id=132&assessor_id=9297
Target EPC Ltd	Assessor	BSIA37212	www.targetepc.com	01902 324 480	/index.php?option=com_content&view=article&id=132&assessor_id=9427
AE Insulation Ltd	Assessor	STRA10276	www.aeenergysolutions.com	02920 362442	/index.php?option=com_content&view=article&id=132&assessor_id=9101
QED Energy	Assessor	ECMA30040	www.qed-energy.com	01225 839 090	/index.php?option=com_content&view=article&id=132&assessor_id=8927
Eco-Residential Ltd	Assessor	STRA10014	www.eco-residential.co.uk	0808 147 1874	/index.php?option=com_content&view=article&id=132&assessor_id=9396
Able Energy Limited	Assessor	EESA12125	www.groupable.co.uk	01205 870604	/index.php?option=com_content&view=article&id=132&assessor_id=8952
The Smith Emsley Partnership Ltd	Assessor	ECMA30047	www.smithemsley.co.uk	0131 6647250	/index.php?option=com_content&view=article&id=132&assessor_id=8920
Sprint Energy	Assessor	NICA00120		07970 508145	/index.php?option=com_content&view=article&id=132&assessor_id=8961
STL Heating & Energy Ltd	Assessor	STRA10033	www.stlheating.co.uk	0800 0086 999	/index.php?option=com_content&view=article&id=132&assessor_id=9387
Midas Group Limited	Assessor	NICA00110	www.midasgroup.co.uk	0117 305 2100	/index.php?option=com_content&view=article&id=132&assessor_id=8967
British Gas New Heating Ltd	Assessor	STRA10007	www.britishgas.co.uk/greendeal	0800 294 5298	/index.php?option=com_content&view=article&id=132&assessor_id=9399
All-Building Energy Solutions	Assessor	STRA10309		07872 333 433	/index.php?option=com_content&view=article&id=132&assessor_id=9035
Hamilton (Building Contractors) Ltd	Assessor	STRA10202	www.hamiltonfirst.co.uk	01274 666166	/index.php?option=com_content&view=article&id=132&assessor_id=9293
EPC Online	Assessor	ECMA30056		2033978220	/index.php?option=com_content&view=article&id=132&assessor_id=9438
WM Donnelly & Company Ltd	Assessor	QUIA00060	www.donnellyuk.com	01355 909000	/index.php?option=com_content&view=article&id=132&assessor_id=9037
Saving Money Solutions	Assessor	QUIA00030	www.savingmoneysolutions.com	01245 321055	/index.php?option=com_content&view=article&id=132&assessor_id=8981
Quidex Limited	Assessor	QUIA00042	www.epc-greendealsassessors.com	0333 1234 248	/index.php?option=com_content&view=article&id=132&assessor_id=8978
Energy Efficiency Consultancy Ltd	Assessor	QUIA00007	www.eeco2greendeal.co.uk	01625 660717	/index.php?option=com_content&view=article&id=132&assessor_id=9140
Marshall and McCourt Plumbing and Heating Contractors Limited	Assessor	BSIA00325	www.marshallandmccourt.co.uk	01642 913 200	/index.php?option=com_content&view=article&id=132&assessor_id=9415
Carbon Active Limited	Assessor	EESA12103		0800 7797550	/index.php?option=com_content&view=article&id=132&assessor_id=9113
Vibrant Energy Matters	Assessor	STRA10041	www.vibrantenergymatters.co.uk	0845 0945192	/index.php?option=com_content&view=article&id=132&assessor_id=9383
Innerleaf Energy Limited	Assessor	EESA12043	www.innerleafenergy.com	0161 8810466	/index.php?option=com_content&view=article&id=132&assessor_id=9216
Community Energy Plus	Assessor	STRA10151	www.cep.org.uk	01872 245566	/index.php?option=com_content&view=article&id=132&assessor_id=9330
Carbon Active Ltd	Assessor	STRA10298	www.nlapropertyservices.org.uk	01433 622051	/index.php?option=com_content&view=article&id=132&assessor_id=9060
TheGreenAge Ltd	Assessor	STRA10070	www.thegreenage.co.uk/register-for-a-green-deal-assessment/	0208 144 0897	/index.php?option=com_content&view=article&id=132&assessor_id=9370
HVA Ltd T/A Just EPC	Assessor	EESA12076	www.collectacase.com	0844 2880043	/index.php?option=com_content&view=article&id=132&assessor_id=9193
Target EPC Ltd	Assessor	EESA37212	www.targetepc.com	01902 324 480	/index.php?option=com_content&view=article&id=132&assessor_id=9435
Capita Business Services Ltd	Assessor	STRA10061	www.capita.co.uk		/index.php?option=com_content&view=article&id=132&assessor_id=9374
City Energy Assessors Ltd	Assessor	STRA10272	www.cityenergyassessors.co.uk	0115 8964030	/index.php?option=com_content&view=article&id=132&assessor_id=9107
Green Eco Grants Ltd	Assessor	STRA10010	www.greenecogrants.org	0800 0787115	/index.php?option=com_content&view=article&id=132&assessor_id=9398
Robert M. Edwards T/A Certa Solutions/RME Trading	Assessor	EESA12124		0333 444 0224	/index.php?option=com_content&view=article&id=132&assessor_id=8957
Castle Green Services Ltd	Assessor	STRA10116	www.castlebs.co.uk	01915 194666	/index.php?option=com_content&view=article&id=132&assessor_id=9352
Solar Future Energy Solutions Limited	Assessor	STRA10324	www.solarfutureenergysolutions.co.uk	07772 309621	/index.php?option=com_content&view=article&id=132&assessor_id=8938
Gener8 Power & Efficiency Ltd	Assessor	STRA10246	www.gener8power.co.uk	0845 450 2494	/index.php?option=com_content&view=article&id=132&assessor_id=9257
EPC Online	Assessor	QUIA00068	www.epconline.co.uk	02033 977383	/index.php?option=com_content&view=article&id=132&assessor_id=9129
Twyford Homes Ltd	Assessor	STRA10101	www.twyfordhomes.com	02392 663385	/index.php?option=com_content&view=article&id=132&assessor_id=9358
Quodox Energy Ltd	Assessor	ECMA30042	www.quodox.co.uk	0208 9085141	/index.php?option=com_content&view=article&id=132&assessor_id=8925
Carillion Plc	Assessor	NICA00106	www.carillionplc.com	0191 676 3000	/index.php?option=com_content&view=article&id=132&assessor_id=9166
YES Energy Solutions	Assessor	STRA10287	www.yesenergysolutions.co.uk	01422 880100	/index.php?option=com_content&view=article&id=132&assessor_id=9081
GreenDeal Pembrokeshire Ltd	Assessor	QUIA00067	www.greendealpembrokeshire.co	01437 763702	/index.php?option=com_content&view=article&id=132&assessor_id=9138
Green Deal Atlantic Ltd	Assessor	STRA10072	www.greendealatlantic.com	01637 873041	/index.php?option=com_content&view=article&id=132&assessor_id=9369
Green Home Systems Limited	Assessor	STRA10265	www.greenhomesystems.co.uk	01563 852 399	/index.php?option=com_content&view=article&id=132&assessor_id=9123
Lifestyle Heating Limited	Assessor	STRA10235	www.lifestyleheating.co.uk	07896 588504	/index.php?option=com_content&view=article&id=132&assessor_id=9267
Infinity Energy Organisation Ltd	Assessor	STRA10012	www.infinityenergyorganisation.com	0203 6384030	/index.php?option=com_content&view=article&id=132&assessor_id=9400
Go Green Partners Ltd	Assessor	NICA00126		0121 4202120	/index.php?option=com_content&view=article&id=132&assessor_id=9157
Gas Elec Safety Systems Ltd t/a Eco-Energi	Assessor	ECMA30038	www.eco-energi.com	1344876672	/index.php?option=com_content&view=article&id=132&assessor_id=8929
JJ Select T/A Energywise	Assessor	BSIA22369	www.energywisescotland.co.uk	01506 426918	/index.php?option=com_content&view=article&id=132&assessor_id=9117
Green Deal Energy Services	Assessor	ECMA30014	www.gdes.co.uk	1253465965	/index.php?option=com_content&view=article&id=132&assessor_id=8959
First Choice Energy Solutions Ltd	Assessor	STRA10271	www.fcenergy.co.uk	01792 477033	/index.php?option=com_content&view=article&id=132&assessor_id=9108
Ecologic Energy	Assessor	BSIA06469	www.ecologic-energy.co.uk	0208 8048151	/index.php?option=com_content&view=article&id=132&assessor_id=9410
Peter O	Assessor	STRA10225	www.ponservices.co.uk	01633 627213	/index.php?option=com_content&view=article&id=132&assessor_id=9275
Low Carbon Exchange Ltd	Assessor	NICA00107	www.lowcarbonexchange.com	01173 591410	/index.php?option=com_content&view=article&id=132&assessor_id=9165
Green Deal Britannia Ltd	Assessor	STRA10093	www.greendealbritannia.co.uk	0113 2686189	/index.php?option=com_content&view=article&id=132&assessor_id=9361
Green Deal West Midlands Ltd	Assessor	STRA10211	www.greendealwestmids.com	0121 453 8332	/index.php?option=com_content&view=article&id=132&assessor_id=9287
Green Deal Assist Ltd	Assessor	STRA10286		0114 258 43 53	/index.php?option=com_content&view=article&id=132&assessor_id=9082
Energy Move Ltd	Assessor	QUIA00057	www.energymove.co.uk	0203 667 3353	/index.php?option=com_content&view=article&id=132&assessor_id=8992
Darren Evans Assessments limited	Assessor	NICA00101	www.darren-evans.co.uk	01454 317 940	/index.php?option=com_content&view=article&id=132&assessor_id=8971
Green Deal Highland	Assessor	ECMA00005	www.greendealhighland.com	07933 728475	/index.php?option=com_content&view=article&id=132&assessor_id=9241
Severn Wye Energy Agency	Assessor	QUIA00003	www.swea.co.uk	0800 5003076	/index.php?option=com_content&view=article&id=132&assessor_id=9156
Marshall & McCourt Plumbing and Heating Contractors Ltd	Assessor	ECMA30057	www.marshallandmccourt.co.uk	1642913200	/index.php?option=com_content&view=article&id=132&assessor_id=9447
Green Deal Your Home Ltd	Assessor	STRA10233	www.GreenDealYourHome.com	01333 429797	/index.php?option=com_content&view=article&id=132&assessor_id=9269
ATC Construction	Assessor	STRA10303	www.atcconstruction.co.uk	01236 888213	/index.php?option=com_content&view=article&id=132&assessor_id=9050
Green Energy Surveyors Limited	Assessor	EESA12092	www.greenenergysurveyors.co.uk	0141 5561989	/index.php?option=com_content&view=article&id=132&assessor_id=9180
Green Consulting (UK) Ltd	Assessor	EESA12057		01384 697649	/index.php?option=com_content&view=article&id=132&assessor_id=9205
Green Deal Eco Solutions	Assessor	NICA00108	www.greendealecosolutions.org	0800 0803088	/index.php?option=com_content&view=article&id=132&assessor_id=8969
VNR Contracting Services Ltd	Assessor	STRA10279	www.vnrcontracting.co.uk	01922 495533	/index.php?option=com_content&view=article&id=132&assessor_id=9096
Green Assessors Limited t/a Green Assessors	Assessor	NAPA21981	www.greenassessors.co.uk	0208 0909694	/index.php?option=com_content&view=article&id=132&assessor_id=9172
Eclipse Renewable Energy	Assessor	QUIA00010	www.eclipseenergy.co.uk	01422 352485	/index.php?option=com_content&view=article&id=132&assessor_id=8986
Energy Review Ltd	Assessor	STRA10054	www.energyreview.org.uk	0845 680 9881	/index.php?option=com_content&view=article&id=132&assessor_id=9378
BYCS Ltd	Assessor	STRA10210	www.bycs.co.uk	01254 790343	/index.php?option=com_content&view=article&id=132&assessor_id=9288
Wheldon Homes Ltd T/A Wheldon Green Deal	Assessor	STRA10064	www.wheldongreendeal.com	01482 634421	/index.php?option=com_content&view=article&id=132&assessor_id=9372
Green4Homes Ltd	Assessor	STRA10092	www.green4homes.co.uk	0203 1953872	/index.php?option=com_content&view=article&id=132&assessor_id=9362
Premier Plumbing & Heating	Assessor	STRA10307	www.a1ecosolutions.co.uk	01289 308469	/index.php?option=com_content&view=article&id=132&assessor_id=9039
Vincentian Homes and Services (VHS) Limited	Assessor	STRA10135	www.svha.co.uk	0161 772 2120	/index.php?option=com_content&view=article&id=132&assessor_id=9341
Green Energy Corporation Ltd	Assessor	QUIA00014	www.greenenergycorporation.co.uk	02393 233292	/index.php?option=com_content&view=article&id=132&assessor_id=8984
Ampere GDP Ltd	Assessor	QUIA00033	www.Ampere-GDP.com	01271 323052	/index.php?option=com_content&view=article&id=132&assessor_id=9003
Origin UK Energy Services Ltd	Assessor	STRA10160	www.originenergyservices.co.uk	013 32343466	/index.php?option=com_content&view=article&id=132&assessor_id=9324
Rite Energy (Scotland) Ltd	Assessor	QUIA00069		0141 2390000	/index.php?option=com_content&view=article&id=132&assessor_id=9078
Mr Green Energy Ltd	Assessor	NICA00111	www.mrgreenenergy.co.uk	0800 3345090	/index.php?option=com_content&view=article&id=132&assessor_id=8966
Alba Insulation Limited	Assessor	EESA12047	www.albainsulation.com	02477 674347	/index.php?option=com_content&view=article&id=132&assessor_id=9213
EMH Housing & Regeneration Ltd, T/A EMH Homes	Assessor	BSIA98214		0844 8929000	/index.php?option=com_content&view=article&id=132&assessor_id=9417
The Green Deal Shop.com Ltd	Assessor	STRA10011	www.greendealshop.com	01492 588282	/index.php?option=com_content&view=article&id=132&assessor_id=9397
Eulinx Energy Services	Assessor	EESA12126	www.eulinxenergyservices.co.uk	1538788083	/index.php?option=com_content&view=article&id=132&assessor_id=8932
Green Consulting UK Ltd	Assessor	STRA10149		01384 697649	/index.php?option=com_content&view=article&id=132&assessor_id=9332
Holt & Hughes	Assessor	QUIA00004		0161 343 1744	/index.php?option=com_content&view=article&id=132&assessor_id=8990
Home Energy & Lifestyle Management Ltd T/A HELMS	Assessor	EESA12028	www.thegreendealpig.com	0141 6417575	/index.php?option=com_content&view=article&id=132&assessor_id=9222
digitalenergy Ltd	Assessor	CIBA00001	www.digitalenergy.org.uk	0845 003 9087	/index.php?option=com_content&view=article&id=132&assessor_id=9242
Concept Insulations Ltd	Assessor	EESA12069	www.conceptinsulations.co.uk	0191 4841110	/index.php?option=com_content&view=article&id=132&assessor_id=9197
MEB Total Limited	Assessor	ECMA00006	www.mebtotal.co.uk	0845 2263233	/index.php?option=com_content&view=article&id=132&assessor_id=9240
Eco Technical Services (UK) Ltd	Assessor	QUIA00055	www.EcoTechnicals.co.uk	0844 5040 250	/index.php?option=com_content&view=article&id=132&assessor_id=8994
Futurum Renewable Energy Systems Limited	Assessor	EESA12056	www.futurumltd.co.uk	01305 755702	/index.php?option=com_content&view=article&id=132&assessor_id=9206
One Stop Facilities Limited	Assessor	ECMA30041	www.onestopenergy.co.uk	07790 595 540	/index.php?option=com_content&view=article&id=132&assessor_id=8926
Carbon Saving Solutions	Assessor	EESA12134	www.carbonsaving.solutions	07815 120 316	/index.php?option=com_content&view=article&id=132&assessor_id=9514
DMS Installations Ltd	Assessor	ECMA00026	www.dmsenergysolutions.co.uk	0141 638 1058	/index.php?option=com_content&view=article&id=132&assessor_id=9038
Andrew Martin Harrington T/A Alnwick Properties	Assessor	EESA12027	www.alnwickproperties.co.uk	01665 604648	/index.php?option=com_content&view=article&id=132&assessor_id=9223
Kwh Renewables Ltd	Assessor	STRA10029		01132 820202	/index.php?option=com_content&view=article&id=132&assessor_id=9389
Logical Insulation Solutions Ltd	Assessor	ECMA30050	www.logicalinsulations.co.uk	1324477090	/index.php?option=com_content&view=article&id=132&assessor_id=8916
Green Deal Ayrshire Ltd	Assessor	ECMA30024	www.greendealayrshire.net	0800 206 1869	/index.php?option=com_content&view=article&id=132&assessor_id=8944
BSMS Ltd	Assessor	QUIA00046	www.bsmslondon.co.uk	0208 5530102	/index.php?option=com_content&view=article&id=132&assessor_id=8998
Energy Saving Solutions (SW) Ltd	Assessor	STRA10300	www.essbritain.co.uk	01752 404050	/index.php?option=com_content&view=article&id=132&assessor_id=9055
Wirral Green Deal Advisors Ltd	Assessor	STRA10069	www.wirralgreendealadvisors.co.uk	0151 3484554	/index.php?option=com_content&view=article&id=132&assessor_id=9371
Foster Renewable Energies Ltd	Assessor	EESA12013	www.fre-ltd.co.uk	01945 466660	/index.php?option=com_content&view=article&id=132&assessor_id=9229
Green Leaf Efficiencies Limited	Assessor	STRA10219	www.glecuk.com	01482 534 234	/index.php?option=com_content&view=article&id=132&assessor_id=9281
Wirral Eco Homes	Assessor	NICA00122		0151 632 1534	/index.php?option=com_content&view=article&id=132&assessor_id=8960
BeExpress Energy Advisors	Assessor	QUIA00036	www.beexpress.co.uk/greendeal	0208 4547375	/index.php?option=com_content&view=article&id=132&assessor_id=9002
Tony Cranwell	Assessor	QUIA00015	www.links2lincs.co.uk	07917 602200	/index.php?option=com_content&view=article&id=132&assessor_id=9155
Green Deal Advice Midlands Limited	Assessor	STRA10076	www.GDAM.co	0845 49 049 49	/index.php?option=com_content&view=article&id=132&assessor_id=9367
Eulinx Energy Services	Assessor	NICA00103	www.eulinxenergyservices.co.uk	01538 788083	/index.php?option=com_content&view=article&id=132&assessor_id=9092
Ramstein Gold Ltd	Assessor	STRA10310	www.ramsteingold.com	0800193 4090	/index.php?option=com_content&view=article&id=132&assessor_id=9033
Evolve Partnership Limited	Assessor	BSIA05514	www.evolvepartnership.co.uk	02392 200598	/index.php?option=com_content&view=article&id=132&assessor_id=9412
RBA Management Services	Assessor	QUIA00029	www.buildingsassessments.co.uk	01254 604682	/index.php?option=com_content&view=article&id=132&assessor_id=9153
Energy Alliance	Assessor	STRA10317	www.energy-alliance.co.uk	0161 654 3640	/index.php?option=com_content&view=article&id=132&assessor_id=8956
Man Green Solutions Ltd	Assessor	QUIA00034	www.mangreensolutions.com	01264 748076	/index.php?option=com_content&view=article&id=132&assessor_id=9148
Tameside Energy Services Ltd	Assessor	NICA00114	www.tamesideenergyservices.co.uk	0800 093 0998	/index.php?option=com_content&view=article&id=132&assessor_id=8963
Ayrshire energy Reports	Assessor	STRA10304	www.ayrshireeenergyreports.co.uk	01655 882561	/index.php?option=com_content&view=article&id=132&assessor_id=9047
B E Insulated	Assessor	EESA12079	www.beinsulated.co.uk	01489 864237	/index.php?option=com_content&view=article&id=132&assessor_id=9192
EA Renewables limited	Assessor	STRA10322	www.solarpanelcost.co.uk	01493 600936	/index.php?option=com_content&view=article&id=132&assessor_id=8947
Energy Efficiency Services Nationwide Ltd (EE Surveys)	Assessor	ECMA30048	www.eesurveys.org.uk	07813 577002	/index.php?option=com_content&view=article&id=132&assessor_id=8919
Groundwork Oldham & Rochdale T/A Groundwork in Bolton, Bury, Oldham & Rochdale	Assessor	STRA10311	www.groundwork.org.uk/sites/bbor	0161 624 1444	/index.php?option=com_content&view=article&id=132&assessor_id=9023
Mark Group Limited	Assessor	EESA12003	www.markgroup.co.uk	0116 2366523	/index.php?option=com_content&view=article&id=132&assessor_id=9234
Portsmouth City Council	Assessor	ECMA30006	www.solentgreendeal.org.uk	02392 834 537	/index.php?option=com_content&view=article&id=132&assessor_id=9048
AAA Green Solutions Ltd	Assessor	STRA10129	www.aaagreensolutions.co.uk	02392 833711	/index.php?option=com_content&view=article&id=132&assessor_id=9344
Local Energy Ltd	Assessor	EESA12088	www.localenergy.org.uk	0207 5542800	/index.php?option=com_content&view=article&id=132&assessor_id=9183
Llewellyn Smith Ltd	Assessor	STRA10063	www.llewellynsmith.co.uk	01284 763731	/index.php?option=com_content&view=article&id=132&assessor_id=9373
Northfield Ecocentre	Assessor	ECMA00012	www.northfieldecocentre.org	0121 448 0119	/index.php?option=com_content&view=article&id=132&assessor_id=9238
Green Deal Report Limited T/A Domestic & Commercial Heating	Assessor	STRA10260	www.domcomheating.co.uk	01494 416405	/index.php?option=com_content&view=article&id=132&assessor_id=9128
HELMS	Assessor	ECMA30004	thegreendealpig.com	0303 1231113	/index.php?option=com_content&view=article&id=132&assessor_id=9057
Nationwide EPC	Assessor	QUIA00056	www.nationwideepc.com	02033 272173	/index.php?option=com_content&view=article&id=132&assessor_id=8993
EDF Energy Customers PLC	Assessor	BSIA06219	www.edfenergy.com	0800 085 9955	/index.php?option=com_content&view=article&id=132&assessor_id=9411
G8 Eco Systems Limited	Assessor	STRA10120	www.g8eco.co.uk	0800 520 2122	/index.php?option=com_content&view=article&id=132&assessor_id=9350
Greendeal Assessors Kent Ltd	Assessor	STRA10162	www.greendealassessorskent.co.uk	01233 628743	/index.php?option=com_content&view=article&id=132&assessor_id=9322
Woodend Safety & Sustainability	Assessor	EESA12008	www.woodendsafety.co.uk	01505 342021	/index.php?option=com_content&view=article&id=132&assessor_id=9233
Act On Carbon	Assessor	STRA10241	www.actoncarbon.co.uk	01246 573483	/index.php?option=com_content&view=article&id=132&assessor_id=9262
Linked In Training	Assessor	EESA12082		08081 330134	/index.php?option=com_content&view=article&id=132&assessor_id=9189
Simple Energy Scotland Limited	Assessor	EESA12072	www.se-scotland.co.uk	0800 0337238	/index.php?option=com_content&view=article&id=132&assessor_id=9428
Taskforce Contracts Ltd	Assessor	QUIA00040	www.matrixdirectsales.com	01202 383 461	/index.php?option=com_content&view=article&id=132&assessor_id=8979
East Riding of Yorkshire Council	Assessor	STRA10156			/index.php?option=com_content&view=article&id=132&assessor_id=9328
Dyson Energy Services Ltd	Assessor	EESA12014	www.dysonenergyservices.co.uk	01484 406060	/index.php?option=com_content&view=article&id=132&assessor_id=9228
Energy Max UK	Assessor	BSIA02323		01246 451 311	/index.php?option=com_content&view=article&id=132&assessor_id=8954
Green Deal Nationwide	Assessor	QUIA00026	www.greendeal-nationwide.co.uk	01695 559767	/index.php?option=com_content&view=article&id=132&assessor_id=9005
Greens Surveyors Ltd	Assessor	ECMA30032	www.greenssurveyors.co.uk	01274 455339	/index.php?option=com_content&view=article&id=132&assessor_id=8939
Superseal Limited	Assessor	STRA10231	www.supersealltd.co.uk	0800 587 7325	/index.php?option=com_content&view=article&id=132&assessor_id=9270
Insulation Techniques & Services Ltd	Assessor	NICA00125		01384 422022	/index.php?option=com_content&view=article&id=132&assessor_id=9158
First Call Trade Services Ltd	Assessor	NICA00104	www.firstcallhomeassist.co.uk	0844 556 9650	/index.php?option=com_content&view=article&id=132&assessor_id=9167
Green Leaf Efficiencies Ltd	Assessor	QUIA00019	www.glecuk.com	01482 534234	/index.php?option=com_content&view=article&id=132&assessor_id=9011
Quodox Energy Ltd	Assessor	QUIA00032	www.quodox.co.uk	0208 9085141	/index.php?option=com_content&view=article&id=132&assessor_id=9146
Interglow Contracts	Assessor	STRA10195	www.interglow.co.uk	01763 208563	/index.php?option=com_content&view=article&id=132&assessor_id=9299
Enhance Energy Solutions Ltd	Assessor	ECMA30007	www.enhanceenergy.co.uk	02920 492 479	/index.php?option=com_content&view=article&id=132&assessor_id=9045
Energy Saving Solutions Inc Ltd	Assessor	STRA10220		078815 22797	/index.php?option=com_content&view=article&id=132&assessor_id=9280
West London Energy Assessors	Assessor	EESA12128	www.westlondonenergyassessors.co.uk	020 8755 3775	/index.php?option=com_content&view=article&id=132&assessor_id=9445
Apex Green Ltd	Assessor	EESA12120	www.apexgreen.co.uk	0208 500 3236	/index.php?option=com_content&view=article&id=132&assessor_id=9034
Work Work Ltd	Assessor	EESA12007	www.workworkltd.com	0208 9027392	/index.php?option=com_content&view=article&id=132&assessor_id=9074
Egnida Limited	Assessor	EESA12130	www.egnida.co.uk	01633 535450	/index.php?option=com_content&view=article&id=132&assessor_id=9506
KW Consultancy Limited	Assessor	STRA10230	www.kilowattconsultancy.co.uk	0800 066 5660	/index.php?option=com_content&view=article&id=132&assessor_id=9271
Survey Marketplace Ltd	Assessor	STRA10301	www.surveymarketplace.co.uk	07717 236205	/index.php?option=com_content&view=article&id=132&assessor_id=9054
Green Insulations & Energy Solutions Ltd	Assessor	NAPA22268	www.gies.org.uk	02476 581125	/index.php?option=com_content&view=article&id=132&assessor_id=9171
Synergy EPC	Assessor	QUIA00027	www.synergyepc.co.uk	0116 2601643	/index.php?option=com_content&view=article&id=132&assessor_id=9004
Ecomorph Ltd	Assessor	STRA10048	www.ecomorph.org	01491 836425	/index.php?option=com_content&view=article&id=132&assessor_id=9380
Capital Energy Solutions	Assessor	STRA10248	www.capitalenergysolutions.co.uk	01932 570 030	/index.php?option=com_content&view=article&id=132&assessor_id=9255
Green Deal  Consult Ltd/TA Easy EPC	Assessor	EESA12031	www.easyepc.org	01273 499141	/index.php?option=com_content&view=article&id=132&assessor_id=9221
Shetland Island Council	Assessor	EESA12129	www.shetland.gov.uk	01595 744 819	/index.php?option=com_content&view=article&id=132&assessor_id=9449
Green Deal Advisor Association	Assessor	EESA12106	www.GDAA.org.uk	01778 394188	/index.php?option=com_content&view=article&id=132&assessor_id=9425
CV Energy Limited	Assessor	EESA12098	www.cvenergy.co.uk	01926 857894	/index.php?option=com_content&view=article&id=132&assessor_id=9016
Phoenix Gas Services Limited	Assessor	EESA12094	www.phoenixgasservices.co.uk	01782 564448	/index.php?option=com_content&view=article&id=132&assessor_id=9179
Coast2Coast Energy Ltd	Assessor	STRA10178	www.c2cenergy.co.uk	01639 330 500	/index.php?option=com_content&view=article&id=132&assessor_id=9313
Energize Investments Ltd	Assessor	NICA00112		01332 856355	/index.php?option=com_content&view=article&id=132&assessor_id=8965
Green Energy Living	Assessor	STRA10257	www.greenenergyliving.org.uk	01612 478260	/index.php?option=com_content&view=article&id=132&assessor_id=9134
Your GDAO Ltd	Assessor	QUIA00066	www.yourgdao.com	01482 255110	/index.php?option=com_content&view=article&id=132&assessor_id=9073
Sasie Ltd	Assessor	BREA00017	www.sasie.co.uk	1158842499	/index.php?option=com_content&view=article&id=132&assessor_id=9245
Bright Green Assessments	Assessor	QUIA00011	www.brightgreenassessments.co.uk	0141 9520214	/index.php?option=com_content&view=article&id=132&assessor_id=9056
NEEB Green Deal	Assessor	STRA10274	www.neebgreendeal.co.uk	0191 521 4007	/index.php?option=com_content&view=article&id=132&assessor_id=9104
BCA Insulation Ltd	Assessor	EESA12135		01501 825 682	/index.php?option=com_content&view=article&id=132&assessor_id=9507
Sota Energy Limited	Assessor	QUIA00006	www.sota-energy.co.uk	07882 937498	/index.php?option=com_content&view=article&id=132&assessor_id=9014
Enhance Energy Solutions LTD	Assessor	STRA10184	www.enhanceenergy.co.uk	01792 650001	/index.php?option=com_content&view=article&id=132&assessor_id=9309
Green Deal Eco	Assessor	STRA10244	www.greendealeco.org	0131 4408258	/index.php?option=com_content&view=article&id=132&assessor_id=9259
Energy Solutions Eco Green	Assessor	NICA00123	www.esegltd.com	0141 258 4600	/index.php?option=com_content&view=article&id=132&assessor_id=9160
Anesco Limited	Assessor	EESA12099	www.anesco.co.uk	01189 702595	/index.php?option=com_content&view=article&id=132&assessor_id=9122
Heat and Power Solutions Ltd	Assessor	STRA10018	www.heatandpowersolutions.com	0333 722 0091	/index.php?option=com_content&view=article&id=132&assessor_id=9395
Aura Gas Ltd T/A Aura Energy	Assessor	STRA10183	www.aura-energy.co.uk	02392 252171	/index.php?option=com_content&view=article&id=132&assessor_id=9310
Energy Solution Direct UK Limited	Assessor	EESA12066	www.esduk.org	0303 6665462	/index.php?option=com_content&view=article&id=132&assessor_id=9200
Green Deal Ayrshire Ltd	Assessor	ECMA00007	www.greendealayrshire.net	0800206 1869	/index.php?option=com_content&view=article&id=132&assessor_id=9239
Greens Surveyors Ltd	Assessor	STRA10115	www.ecodealsolutions.co.uk	01274 420066	/index.php?option=com_content&view=article&id=132&assessor_id=9353
H & M Collier LLP T/A Claywood Energy	Assessor	STRA10161	www.claywoodenergy.co.uk	01435 882628	/index.php?option=com_content&view=article&id=132&assessor_id=9323
The Big Green Energy Company Ltd	Assessor	STRA10306	www.greendealpoints.com	0161 7243500	/index.php?option=com_content&view=article&id=132&assessor_id=9040
Property and Training Solutions Ltd	Assessor	STRA10084	www.greendealcentral.com	0845 601 1361	/index.php?option=com_content&view=article&id=132&assessor_id=9365
Talk Green Ltd	Assessor	ECMA30044	www.talkgreen.co.uk	7985135572	/index.php?option=com_content&view=article&id=132&assessor_id=8923
Inteb	Assessor	ECMA00027	www.inteb.co.uk	01995 642 271	/index.php?option=com_content&view=article&id=132&assessor_id=9032
Eco-Tek Scotland Ltd	Assessor	ECMA30052		1412808089	/index.php?option=com_content&view=article&id=132&assessor_id=8914
Elite Home and Commercial Ltd	Assessor	STRA10174	www.ehcgroup.co.uk	01925 393 810	/index.php?option=com_content&view=article&id=132&assessor_id=9317
Green Deal Organisation T/A Regents & Hyde (uk) Ltd	Assessor	STRA10247	greendealorg.com	07833 084966	/index.php?option=com_content&view=article&id=132&assessor_id=9256
Energy Max UK Ltd T/A CarbonLow Certification	Assessor	STRA10022	www.CarbonLow.co.uk	01246 451311	/index.php?option=com_content&view=article&id=132&assessor_id=9393
Cobra Works T/A Andrews Energy Inspections	Assessor	STRA10269		07766 546370	/index.php?option=com_content&view=article&id=132&assessor_id=9110
Devine Energy Ltd	Assessor	EESA12086	www.devineenergy.co.uk	0131 660 2299	/index.php?option=com_content&view=article&id=132&assessor_id=9185
One Stop Energy	Assessor	QUIA00022	www.onestopenergy.co.uk	07790 595540	/index.php?option=com_content&view=article&id=132&assessor_id=9145
Green Deal First Ltd	Assessor	STRA10237		1914871652	/index.php?option=com_content&view=article&id=132&assessor_id=9265
EMH Housing & Regeneration Ltd, T/A EMH Homes	Assessor	EESA12133	www.emhgreenteam.org.uk	0844 8929000	/index.php?option=com_content&view=article&id=132&assessor_id=9465
Severn Wye Energy Agency Ltd	Assessor	EESA12050	www.severnwye.org.uk/	0800 5003076	/index.php?option=com_content&view=article&id=132&assessor_id=9211
Green Deal Centre	Assessor	STRA10308	www.green-deal-centre.co.uk	0121 702 1638	/index.php?option=com_content&view=article&id=132&assessor_id=9036
Shetland Islands Council	Assessor	STRA10171	www.shetland.gov.uk	01595 744100	/index.php?option=com_content&view=article&id=132&assessor_id=9319
Rainbow Eco Solutions	Assessor	STRA10266	www.rainbowecosolutions.co.uk	0746 254 4224	/index.php?option=com_content&view=article&id=132&assessor_id=9116
Apple Energy Carbon Services Ltd	Assessor	STRA10315	appleenergycarbonservices.com	0191 2293436	/index.php?option=com_content&view=article&id=132&assessor_id=8972
Independent EPC Services (Highland)	Assessor	ECMA00022	www.independentepcservices.co.uk	01667493 819	/index.php?option=com_content&view=article&id=132&assessor_id=9237
Tempo Insulation Services Ltd	Assessor	STRA10218	www.tempoinsulation.co.uk	0333 222 5662	/index.php?option=com_content&view=article&id=132&assessor_id=9282
JM Page Ltd	Assessor	ECMA00023	www.jmpage.co.uk	01908 222 227	/index.php?option=com_content&view=article&id=132&assessor_id=9046
RCG Energy Ltd	Assessor	STRA10055	www.rcgenergy.co.uk	07977 217511	/index.php?option=com_content&view=article&id=132&assessor_id=9377
Gully Howard Technical	Assessor	BSIA15025	www.ghtechnical.com	02392 278040	/index.php?option=com_content&view=article&id=132&assessor_id=9407
Artizan Heating Limited	Assessor	NICA00127		01344 356900	/index.php?option=com_content&view=article&id=132&assessor_id=9071
Vibrant Energy Matters	Assessor	ECMA30001	www.vibrantenergymatters.co.uk	8450945192	/index.php?option=com_content&view=article&id=132&assessor_id=9062
letsgogreendeal.com	Assessor	QUIA00045	www.letsgogreendeal.com	0800 025 7223	/index.php?option=com_content&view=article&id=132&assessor_id=8999
Greendeal Helpline	Assessor	QUIA00053	www.green-deal-helpline.co.uk	01162 812334	/index.php?option=com_content&view=article&id=132&assessor_id=8995
Gas-elec Group	Assessor	STRA10258	www.gas-elec.co.uk	01895 420777	/index.php?option=com_content&view=article&id=132&assessor_id=9133
Evolve Partnership Limited	Assessor	EESA12131	www.evolvepartnership.co.uk	02392 200598	/index.php?option=com_content&view=article&id=132&assessor_id=8913
EPC Grampian Ltd	Assessor	EESA12067	www.epcgrampian.com	01340 821044	/index.php?option=com_content&view=article&id=132&assessor_id=9199
Direct Savings (Scotland) Limited	Assessor	EESA12073	www.directsavings.org.uk	01506 444 161	/index.php?option=com_content&view=article&id=132&assessor_id=9196
Your Green Deal Ltd	Assessor	NICA00124		07803 577894	/index.php?option=com_content&view=article&id=132&assessor_id=9159
City Energy South Wales	Assessor	STRA10224	www.cityenergy.org.uk	02920 499 183	/index.php?option=com_content&view=article&id=132&assessor_id=9276
Rock and Rose	Assessor	QUIA00052	www.greendealadvisorlincoln.co.uk	01522 750 650	/index.php?option=com_content&view=article&id=132&assessor_id=8975
Coast2Coast Energy Ltd	Assessor	ECMA30036	www.coast2coastgroup.org	1639330500	/index.php?option=com_content&view=article&id=132&assessor_id=8936
Optimum Technical Services Ltd	Assessor	EESA12049	www.optimumtechservices.com	0141 4111222	/index.php?option=com_content&view=article&id=132&assessor_id=9212
Amethorpe Property Services Ltd	Assessor	EESA12081	www.amethorpe.co.uk	01427 619534	/index.php?option=com_content&view=article&id=132&assessor_id=9190
InBuild Solutions Ltd	Assessor	STRA10127	www.inbuild.co.uk	0844 8887010	/index.php?option=com_content&view=article&id=132&assessor_id=9345
EPC Green LTD	Assessor	STRA10283	www.epcgreenltd.co.uk	01332 405 261	/index.php?option=com_content&view=article&id=132&assessor_id=9087
Insulated Homes Limited	Assessor	ECMA30034		164724599	/index.php?option=com_content&view=article&id=132&assessor_id=8937
MLCS3	Assessor	STRA10240	www.mlcs3.com	0800 3213982	/index.php?option=com_content&view=article&id=132&assessor_id=9263
Chris Hunter Ltd T/A Energess	Assessor	QUIA00074	www.energess.co.uk	01642 927972	/index.php?option=com_content&view=article&id=132&assessor_id=9079
APEX Green Ltd	Assessor	QUIA00009	www.apexgreen.co.uk	0800 5053236	/index.php?option=com_content&view=article&id=132&assessor_id=8987
Neath Port Talbot County Borough Council	Assessor	EESA12116	www.npt.gov.uk	01639 763288	/index.php?option=com_content&view=article&id=132&assessor_id=9084
Southern Energy Solutions (Property Services) Limited	Assessor	STRA10313	www.sesgroupltd.com	01329 808008	/index.php?option=com_content&view=article&id=132&assessor_id=9020
BMRE Ltd T/A JBM-Services	Assessor	STRA10215	www.jbm-services.co.uk	0333 311 0102	/index.php?option=com_content&view=article&id=132&assessor_id=9284
Everwarm	Assessor	EESA12012	www.everwarmgroup.com	01506 638600	/index.php?option=com_content&view=article&id=132&assessor_id=9230
EAS - Energy Assessors Services Limited	Assessor	EESA12010	www.e-a-s.co.uk	0800 7566831	/index.php?option=com_content&view=article&id=132&assessor_id=9232
Complete Green Solutions Ltd	Assessor	NICA00102	www.completegreensolutions.co.uk	02477 676839	/index.php?option=com_content&view=article&id=132&assessor_id=9168
Green Centric Ltd	Assessor	ECMA30033	www.greencentric.co.uk	01294 231895	/index.php?option=com_content&view=article&id=132&assessor_id=8940
Fusion Eco Group	Assessor	NICA00105		08435 235702	/index.php?option=com_content&view=article&id=132&assessor_id=8970
Hardies LLP t/A Hardies Property & Construction Consultants	Assessor	EESA12080	www.hardies.co.uk	01786 474476	/index.php?option=com_content&view=article&id=132&assessor_id=9191
GM Sales & Marketing Ltd T/A Energy Savings Solutions	Assessor	STRA13585		01314 481043	/index.php?option=com_content&view=article&id=132&assessor_id=8933
Green Deal Way Limited	Assessor	EESA12122		0333 9000423	/index.php?option=com_content&view=article&id=132&assessor_id=9024
Green Hut Energy Ltd	Assessor	ECMA30010	www.greenhutenergy.co.uk	8003689287	/index.php?option=com_content&view=article&id=132&assessor_id=9516
ESH Construction Ltd	Assessor	NAPA21279	www.eshgroup.co.uk	0191 3774570	/index.php?option=com_content&view=article&id=132&assessor_id=9174
Infinite-Energy-UK Ltd	Assessor	STRA10158	www.infiniteenergyuk.com	0800 1931214	/index.php?option=com_content&view=article&id=132&assessor_id=9326
PECT Consultancy Ltd	Assessor	STRA10245	www.pcl-ltd.co.uk	01733 866 446	/index.php?option=com_content&view=article&id=132&assessor_id=9258
West London Energy Assessors	Assessor	BSIA11165		07787 799 282	/index.php?option=com_content&view=article&id=132&assessor_id=9409
Green Energy Initiative Limited	Assessor	STRA10249	www.greendealinitiative.org	0114 2 473085	/index.php?option=com_content&view=article&id=132&assessor_id=9254
Eco Target Ltd	Assessor	STRA10261	www.ecotarget.co.uk	0800 862 0682	/index.php?option=com_content&view=article&id=132&assessor_id=9127
Viridium	Assessor	ECMA30049	www.viridium.org	0151 263 2556	/index.php?option=com_content&view=article&id=132&assessor_id=8918
Mechanical Design Consultancy Ltd	Assessor	EESA12062	www.mdconsultancy.org	07904 351668	/index.php?option=com_content&view=article&id=132&assessor_id=9203
UK Green Deal Network Ltd	Assessor	STRA10217	www.ukgreendealnetwork.co.uk	8003345372	/index.php?option=com_content&view=article&id=132&assessor_id=9283
Identify Energy Solutions	Assessor	QUIA00013	www.identifyenergysolutions.co.uk	01928 508844	/index.php?option=com_content&view=article&id=132&assessor_id=8985
1North Ltd	Assessor	QUIA00023	www.1North.co.uk	0800 0430365	/index.php?option=com_content&view=article&id=132&assessor_id=9008
Green Deal Solutions Ltd	Assessor	STRA10205	www.greendealsolutions.net	0161 335 0800	/index.php?option=com_content&view=article&id=132&assessor_id=9291
Ocean Services Ltd	Assessor	STRA10238	www.oceanhousing.com/	01726 874488	/index.php?option=com_content&view=article&id=132&assessor_id=9264
Greenoke Assessments & Installations Limited	Assessor	ECMA30003	www.greenoke.co.uk	1722439839	/index.php?option=com_content&view=article&id=132&assessor_id=9058
Solarwise Renewables Ltd	Assessor	BSIA12399	www.solarwise-rl.co.uk	02920 885 994	/index.php?option=com_content&view=article&id=132&assessor_id=9408
Complete Certification Ltd	Assessor	STRA10270	www.cc-ltd.co.uk	01159 227 446	/index.php?option=com_content&view=article&id=132&assessor_id=9109
Network Energy Limited	Assessor	STRA10255	www.networkenergyltd.co.uk	02036 895196	/index.php?option=com_content&view=article&id=132&assessor_id=9248
Butterfield Property Maintenance Ltd	Assessor	QUIA00059	www.butterfieldproperty.com	0141 4320237	/index.php?option=com_content&view=article&id=132&assessor_id=8991
E-Co Green	Assessor	STRA10251	www.e-cogreen.co.uk	0333 0881008	/index.php?option=com_content&view=article&id=132&assessor_id=9252
Intenco Surveys Ltd	Assessor	STRA10275	www.intenco.co.uk	01482 390420	/index.php?option=com_content&view=article&id=132&assessor_id=9102
A Deal Greener Ltd.	Assessor	STRA10198	www.adealgreener.com	01159 586 249	/index.php?option=com_content&view=article&id=132&assessor_id=9296
OM2 Solutions Ltd	Assessor	BSIA31648	www.om2solutions.com	0800 069 9040	/index.php?option=com_content&view=article&id=132&assessor_id=9083
Domestic Energy Savers Ltd	Assessor	STRA10243	www.domesticenergysavers.co.uk	07921 635995	/index.php?option=com_content&view=article&id=132&assessor_id=9260
Eco Measure Market Exchange Ltd	Assessor	EESA12119	www.market-eco.co.uk	0161 438 1171	/index.php?option=com_content&view=article&id=132&assessor_id=9053
RE: Structure Limited	Assessor	EESA12084	www.re-structure.co.uk	0191 2840420	/index.php?option=com_content&view=article&id=132&assessor_id=9187
1 A Naismith Energy Assessors	Assessor	ECMA30046	www.iannaismith.com	07711 266558	/index.php?option=com_content&view=article&id=132&assessor_id=8921
GHE Solar Limited	Assessor	EESA12038	www.GHEsolar.co.uk	01635 202612	/index.php?option=com_content&view=article&id=132&assessor_id=9217
Energy Specifics Ltd	Assessor	STRA10073	www.energyspecifics.co.uk	0797 6151612	/index.php?option=com_content&view=article&id=132&assessor_id=9368
Enhance Energy Solutions Ltd	Assessor	ECMA3007	www.enhanceenergy.co.uk	02920 492 479	/index.php?option=com_content&view=article&id=132&assessor_id=8950
Alsecco (U.K.) Limited	Assessor	STRA10281	www.alsecco.co.uk	01785 818998	/index.php?option=com_content&view=article&id=132&assessor_id=9091
Greener Homes 4 You Ltd	Assessor	STRA10177	www.greenerhomes4you.co.uk	0800 644 4414	/index.php?option=com_content&view=article&id=132&assessor_id=9314
Groundwork North Wales	Assessor	STRA10185	www.groundworknorthwales.org.uk	01978 757524	/index.php?option=com_content&view=article&id=132&assessor_id=9308
Eco Deal Limited	Assessor	NAPA20862	www.eco-deal.co.uk	0800 644 0444	/index.php?option=com_content&view=article&id=132&assessor_id=9176
Eco Home Alternatives Ltd	Assessor	STRA10099	www.ecohomealternatives.com	0191 5166722	/index.php?option=com_content&view=article&id=132&assessor_id=9360
Plymouth Drake Consultancy Limited	Assessor	EESA12053	www.plymouthdrakeconsultancy.com	0800 2922321	/index.php?option=com_content&view=article&id=132&assessor_id=9209
G. Purchase Construction Ltd	Assessor	STRA10126	www.purchasegroup.co.uk	01922 407111	/index.php?option=com_content&view=article&id=132&assessor_id=9346
Elevro	Assessor	STRA10288	www.elevro.co.uk	0795 519 5111	/index.php?option=com_content&view=article&id=132&assessor_id=9077
Green Deal Union Ltd	Assessor	EESA12035	www.greendealunion.com	0800 0469190	/index.php?option=com_content&view=article&id=132&assessor_id=9220
Sasie Ltd	Assessor	EESA12110	www.sasie.co.uk	1158842499	/index.php?option=com_content&view=article&id=132&assessor_id=9027
ISO Energy Ltd	Assessor	STRA10170	www.isoenergy.co.uk	01293 821345	/index.php?option=com_content&view=article&id=132&assessor_id=9320
Birchwood Eco Heating Ltd	Assessor	STRA10253	wwww.birchwoodecoheating.com	07968 790043	/index.php?option=com_content&view=article&id=132&assessor_id=9250
All Renewable Energy Limited	Assessor	NAPA14015	www.allrenewableenergy.co.uk	01738 248161	/index.php?option=com_content&view=article&id=132&assessor_id=9169
Idea Energy Surveys Limited	Assessor	BSIA20466	www.ideaenergysurveys.co.uk	01325 352221	/index.php?option=com_content&view=article&id=132&assessor_id=9405
Ramstein Gold	Assessor	EESA12123	www.ramsteingold.com	0208 900 8400	/index.php?option=com_content&view=article&id=132&assessor_id=9019
E.ON UK PLC	Assessor	BSIA02238	www.eonenergy.com	0330 400 1187	/index.php?option=com_content&view=article&id=132&assessor_id=9414
SIG Energy Ltd	Assessor	STRA10305	www.sigenergyuk.com	08005 404303	/index.php?option=com_content&view=article&id=132&assessor_id=9041
Eclipse Renewable Energy Ltd	Assessor	STRA10212	www.eclipseenergy.co.uk	01422 352485	/index.php?option=com_content&view=article&id=132&assessor_id=9286
Enhance Energy Solutions Ltd	Assessor	QUIA00039	www.enhanceenergy.co.uk	01792 650001	/index.php?option=com_content&view=article&id=132&assessor_id=8980
Energy Efficiency Surveys Nationwide Ltd	Assessor	QUIA00070	www.eesurveys.org.uk	0800 2061310	/index.php?option=com_content&view=article&id=132&assessor_id=9118
Ashfield District Council	Assessor	NICA00115		01623 457363	/index.php?option=com_content&view=article&id=132&assessor_id=9164
The Green Deal Assessment Company Kent Ltd T/A Green Deal Assessments Kent	Assessor	STRA10153	www.gda-kent.co.uk	01233 720437	/index.php?option=com_content&view=article&id=132&assessor_id=9329
Rejuicing Ltd T/A Regional Buildings Assessments (RBA)	Assessor	NAPA24188	www.buildingsassessments.co.uk	01254 604682	/index.php?option=com_content&view=article&id=132&assessor_id=9170
Green Deal Advisor Association	Assessor	BREA00001	www.GDAA.org.uk	01778 394188	/index.php?option=com_content&view=article&id=132&assessor_id=9431
Remison Facilities Services	Assessor	QUIA00044		01277 424060	/index.php?option=com_content&view=article&id=132&assessor_id=9000
DHS Energy Ltd	Assessor	QUIA00050	www.dhsgroup.co.uk	01416 372 299	/index.php?option=com_content&view=article&id=132&assessor_id=8976
RFS (Remison Facilities Services Ltd)	Assessor	STRA10282	www.remisonfs.co.uk	07977 669922	/index.php?option=com_content&view=article&id=132&assessor_id=9088
City Energy South Wales Ltd	Assessor	ECMA30059		2920499183	/index.php?option=com_content&view=article&id=132&assessor_id=9560
Warmworks LLP	Assessor	EESA12127	www.warmworks.co.uk	0131 555 7845	/index.php?option=com_content&view=article&id=132&assessor_id=8931
Pennington Choices Ltd	Assessor	EESA12051	www.pennington.org.uk	01928 568842	/index.php?option=com_content&view=article&id=132&assessor_id=9210
LVAS Consulting Ltd	Assessor	QUIA00005	www.lvasconsulting.co.uk	0800 612 5831	/index.php?option=com_content&view=article&id=132&assessor_id=8989
Shelter 4 Green Deal	Assessor	QUIA00035	www.shelter4greendeal.co.uk	02071 129030	/index.php?option=com_content&view=article&id=132&assessor_id=9152
Ellipse Energy Limited	Assessor	STRA10102	www.ellipseenergy.co.uk	0116 402 7958	/index.php?option=com_content&view=article&id=132&assessor_id=9357
First Property Services Ltd	Assessor	ECMA30031	www.firstpropertyservices.co.uk	1782610546	/index.php?option=com_content&view=article&id=132&assessor_id=8941
Southern Energy Solutions (Property Services) Ltd	Assessor	BSIA19997	www.sesgroupltd.com	01329 808008	/index.php?option=com_content&view=article&id=132&assessor_id=9406
Harper Vale Limited	Assessor	STRA10268	www.harpervale.com	0845 585 5480	/index.php?option=com_content&view=article&id=132&assessor_id=9111
Riverside Energy Solutions Ltd	Assessor	STRA10207	www.riversideenergysolutions.com	0151 384 1221	/index.php?option=com_content&view=article&id=132&assessor_id=9289
Aran Services Ltd	Assessor	STRA10043	www.aranservices.co.uk	0128 4812520	/index.php?option=com_content&view=article&id=132&assessor_id=9382
Renewergies Ltd	Assessor	STRA10296	www.renewergies.com	1202890023	/index.php?option=com_content&view=article&id=132&assessor_id=9063
Prolectric Services Ltd	Assessor	NICA00117		01934 750338	/index.php?option=com_content&view=article&id=132&assessor_id=9066
Spa Renewable Energy Ltd	Assessor	NICA00113		01905 799534	/index.php?option=com_content&view=article&id=132&assessor_id=8964
EPC South West Ltd	Assessor	ECMA30039	www.epcsouthwest.co.uk	1297631036	/index.php?option=com_content&view=article&id=132&assessor_id=8928
Greenstar Energy UK Limited T/A Ecotrans Energy	Assessor	EESA12095	www.ecotransenergy.co.uk	01506 834747	/index.php?option=com_content&view=article&id=132&assessor_id=9178
Energy Saving Surveys Limited	Assessor	STRA10264	www.energysavingsurveys.co.uk	01428 602134	/index.php?option=com_content&view=article&id=132&assessor_id=9124
Compliance365	Assessor	QUIA00051	www.compliance365.co.uk	0844 3270365	/index.php?option=com_content&view=article&id=132&assessor_id=9144
1 A Naismith Energy Assessors	Assessor	QUIA00054	www.iannaismith.com	07711 266558	/index.php?option=com_content&view=article&id=132&assessor_id=9143
Mere End Consultants Ltd	Assessor	QUIA00043	www.mereendconsultants.co.uk	01270 898622	/index.php?option=com_content&view=article&id=132&assessor_id=9147
MyBlueSkies Ltd	Assessor	QUIA00048	www.myblueskies.co.uk	0800 6123175	/index.php?option=com_content&view=article&id=132&assessor_id=8996
DWA Surveyors Ltd.	Assessor	STRA10006	www.dwasurveyors.com	0161 9281903	/index.php?option=com_content&view=article&id=132&assessor_id=9401
Certa Solutions Limited T/A Certa Solutions	Assessor	EESA12096	www.certasolutions.co.uk	0333 444 0224	/index.php?option=com_content&view=article&id=132&assessor_id=9177
Reporting Limited	Assessor	EESA12113	www.reporting.co.uk	01983 522 144	/index.php?option=com_content&view=article&id=132&assessor_id=9031
Green Carbon Assessments	Assessor	STRA10206	www.greencarbonassessments.co.uk	077903 99963	/index.php?option=com_content&view=article&id=132&assessor_id=9290
InstaGroup Limited	Assessor	BSIA98763	www.instagroup.co.uk/greendeal	0800 093 1306	/index.php?option=com_content&view=article&id=132&assessor_id=9418
Green Energy Advisor Ltd	Assessor	ECMA30009	www.greenenergyadvisor.co.uk	0161 2661055	/index.php?option=com_content&view=article&id=132&assessor_id=9043
Central Green Deal Limited	Assessor	WMKA10002		0121 227 5972	/index.php?option=com_content&view=article&id=132&assessor_id=9137
Quidex Ltd	Assessor	STRA10302	www.epc-greendealassessors.co.uk	0333 1234 248	/index.php?option=com_content&view=article&id=132&assessor_id=9051
EnergyWiseUK Ltd	Assessor	STRA10121	www.energywiseuk.co.uk	0800 098 8168	/index.php?option=com_content&view=article&id=132&assessor_id=9349
First Property Services UK Ltd	Assessor	STRA10025	www.firstpropertyservices.co.uk	01782 610546	/index.php?option=com_content&view=article&id=132&assessor_id=9391
JSC Property Services Ltd T/A Green Deal UK Direct	Assessor	STRA10236	www.gdukdirect.co.uk	01332 898 237	/index.php?option=com_content&view=article&id=132&assessor_id=9266
AAA Green Deal Assessors Ltd	Assessor	QUIA00020	www.aaagreendealassessors.co.uk	0800 849 9944	/index.php?option=com_content&view=article&id=132&assessor_id=9010
Concept Energy Solutions limited	Assessor	EESA12107	www.conceptenergy.org	01256 303620	/index.php?option=com_content&view=article&id=132&assessor_id=9030
Aura Gas Ltd	Assessor	EESA12136	www.auragas.co.uk	02392 252 171	/index.php?option=com_content&view=article&id=132&assessor_id=9531
ESI Scotland Ltd	Assessor	EESA12071	www.esiscotland.co.uk	0141 2742108	/index.php?option=com_content&view=article&id=132&assessor_id=9094
Warm Zones CIC	Assessor	STRA10088	www.warmzones.co.uk	0191 2813090	/index.php?option=com_content&view=article&id=132&assessor_id=9363
Green Yorkshire Limited	Assessor	STRA10125	www.mygreenyorkshire.co.uk	0845 1204321	/index.php?option=com_content&view=article&id=132&assessor_id=9347
Capture Carbon Limited	Assessor	STRA10196		01948 661626	/index.php?option=com_content&view=article&id=132&assessor_id=9298
Egnida Limited	Assessor	BSIA02914	www.egnida.co.uk	01633 535450	/index.php?option=com_content&view=article&id=132&assessor_id=9413
One Number To Call Ltd	Assessor	QUIA00064	www.onenumbertocall.co.uk	0208 2346867	/index.php?option=com_content&view=article&id=132&assessor_id=9119
Ayrshire Energy Reports	Assessor	ECMA00028	www.ayrshireenergyreports.co.uk	01655 882561	/index.php?option=com_content&view=article&id=132&assessor_id=9236
Eco Living Green	Assessor	STRA10259	www.ecolivinggreen.co.uk	01332 349544	/index.php?option=com_content&view=article&id=132&assessor_id=9132
Northern Gas Heating Ltd	Assessor	NICA00116		0844 4141060	/index.php?option=com_content&view=article&id=132&assessor_id=8962
Vibrant Energy Matters Ltd	Assessor	BSIA94008	www.vibrantenergymatters.co.uk/	0845 0945 192	/index.php?option=com_content&view=article&id=132&assessor_id=9424
URP (Partitions) Ltd	Assessor	STRA13567		01142 473085	/index.php?option=com_content&view=article&id=132&assessor_id=8935
Able Lee	Assessor	EESA12100	www.ablelee.co.uk	01292 550393	/index.php?option=com_content&view=article&id=132&assessor_id=9121
Green Deal Energy Services (UK) Ltd	Assessor	STRA10278	www.gdesuk.co.uk	0845 154 0336	/index.php?option=com_content&view=article&id=132&assessor_id=9097
EnergyCare (UK) Ltd	Assessor	STRA10319	www.energycaegroupltd.co.uk	01234 381007	/index.php?option=com_content&view=article&id=132&assessor_id=8953
Portsmouth City Council	Assessor	STRA10083	www.portsmouth.gov.uk	023 92834537	/index.php?option=com_content&view=article&id=132&assessor_id=9366
Energy Performance Services	Assessor	BSIA39510	www.energyperformanceservices.co.uk	01288 359 496	/index.php?option=com_content&view=article&id=132&assessor_id=9015
The National EPC Company	Assessor	EESA12002	www.nepcco.co.uk	0845 6262255	/index.php?option=com_content&view=article&id=132&assessor_id=9235
Wirral Eco Homes	Assessor	STRA10228	www.wirralecohomes.com	01516 321534	/index.php?option=com_content&view=article&id=132&assessor_id=9273
Save Energy 2 Day	Assessor	STRA10321		0333 0881008	/index.php?option=com_content&view=article&id=132&assessor_id=8948
Westdale Services Ltd Doncaster	Assessor	STRA10104	www.westdaleservices.co.uk	01302 700700	/index.php?option=com_content&view=article&id=132&assessor_id=9356
Southdale Ltd T/A Greendale	Assessor	STRA10144	www.southdale.co.uk	01422 380 090	/index.php?option=com_content&view=article&id=132&assessor_id=9336
Sussex Green Deal Assessor	Assessor	EESA12037	www.sussexgreendealassessor.co.uk	07960 286643	/index.php?option=com_content&view=article&id=132&assessor_id=9218
Pentland Energy Advice	Assessor	EESA12045	www.pentlandenergy.co.uk	01463 838018	/index.php?option=com_content&view=article&id=132&assessor_id=9215
Osborne Energy Limited	Assessor	STRA10123	www.osborneenergy.co.uk	01424 436793	/index.php?option=com_content&view=article&id=132&assessor_id=9348
Insta Group Limited	Assessor	ECMA30021	www.instagroup.co.uk	1189328811	/index.php?option=com_content&view=article&id=132&assessor_id=8949
The 80percent Hub Ltd	Assessor	STRA10019	www.80pc.org	0135 366 7973	/index.php?option=com_content&view=article&id=132&assessor_id=9394
Energy Performance Direct Ltd	Assessor	QUIA00038	www.energyperformancedirect.co.uk	01392 435052	/index.php?option=com_content&view=article&id=132&assessor_id=9149
One Planets Consultants	Assessor	EESA12101		07866 075251	/index.php?option=com_content&view=article&id=132&assessor_id=9120
Green Advice Service	Assessor	STRA10323		0191 5496381	/index.php?option=com_content&view=article&id=132&assessor_id=8942
A Ward Heating & Renewables Limited	Assessor	EESA12019	www.awardgroup.co.uk	0191 5161037	/index.php?option=com_content&view=article&id=132&assessor_id=9226
MakeMyHomeGreen	Assessor	EESA12109	www.makemyhomegreen.com	0207 502 0999	/index.php?option=com_content&view=article&id=132&assessor_id=9028
Green Deal Upgrade	Assessor	STRA10148	www.greendealupgrade.co.uk	0800 779 7765	/index.php?option=com_content&view=article&id=132&assessor_id=9333
Scenergy Limited	Assessor	BSIA94771	www.scenergy.co.uk/	01507 607 800	/index.php?option=com_content&view=article&id=132&assessor_id=9423
Sustainable Home Survey Company C.I.C.	Assessor	BSIA98524	www.sustainablesurvey.co.uk	020 3603 0230	/index.php?option=com_content&view=article&id=132&assessor_id=9419
The Green Deal Energy Shop Ltd	Assessor	QUIA00072	www.gdes.co.uk	01443 473560	/index.php?option=com_content&view=article&id=132&assessor_id=9089
Energy Performance Services	Assessor	STRA10312	www.energyperformanceservices.co.uk	01288 359 496	/index.php?option=com_content&view=article&id=132&assessor_id=9022
Energy Savings 4 You Limited	Assessor	EESA12025	www.energysavings4you.co.uk	078150 40748	/index.php?option=com_content&view=article&id=132&assessor_id=9224
Apex Green Ltd	Assessor	STRA10193	www.apexgreen.co.uk	0800 505 3236	/index.php?option=com_content&view=article&id=132&assessor_id=9301
McArdleKay T/A Local Green Deal Advice	Assessor	STRA10045	www.localgreendealadvice.co.uk	01344 628736	/index.php?option=com_content&view=article&id=132&assessor_id=9381
MakeMyHomeGreen	Assessor	BREA00016	www.makemyhomegreen.com	0207 502 0999	/index.php?option=com_content&view=article&id=132&assessor_id=9429
Federation of Groundwork Trusts	Assessor	BREA00014	www.groundwork.org.uk	0121 236 8565	/index.php?option=com_content&view=article&id=132&assessor_id=9430
Greenoke Assessments & Installations Ltd	Assessor	STRA10139	www.greenoke.co.uk	01722 439 839	/index.php?option=com_content&view=article&id=132&assessor_id=9338
South Tyneside Homes Ltd	Assessor	STRA10103	www.southynesidehomes.org.uk	0300 123 6633	/index.php?option=com_content&view=article&id=132&assessor_id=9115
GHS Heating Solutions	Assessor	STRA10191	www.ghsheatingsolutions.co.uk	01915 200826	/index.php?option=com_content&view=article&id=132&assessor_id=9303
Ecofitter LLP	Assessor	EESA12074	www.ecofitter.co.uk	01578 730390	/index.php?option=com_content&view=article&id=132&assessor_id=9195
Northwest Searches Ltd	Assessor	STRA10059	www.northwestsearches.co.uk	0151 3292163	/index.php?option=com_content&view=article&id=132&assessor_id=9376
BR Testing Ltd	Assessor	EESA12085	www.brtesting.co.uk	0800 0599245	/index.php?option=com_content&view=article&id=132&assessor_id=9186
A Greener Deal Limited	Assessor	STRA10130	www.agreenerdealltd.co.uk	0870 067 8727	/index.php?option=com_content&view=article&id=132&assessor_id=9343
SCS Network Services T/A Sprint Energy	Assessor	STRA10189	www.sprintenergy.co.uk	0800 059 9100	/index.php?option=com_content&view=article&id=132&assessor_id=9305
Northern Gas Heating Ltd	Assessor	STRA10222	www.northerngasheating.com	08444 141 061	/index.php?option=com_content&view=article&id=132&assessor_id=9278
Ecomorph Ltd	Assessor	QUIA00049	www.ecomorph.org	07913 896 874	/index.php?option=com_content&view=article&id=132&assessor_id=8977
Go Green South West Ltd	Assessor	EESA12118	www.gogreensouthwest.com	01872 275196	/index.php?option=com_content&view=article&id=132&assessor_id=9067
Ecologic Energy	Assessor	EESA12132	www.ecologic-energy.co.uk	0208 8048151	/index.php?option=com_content&view=article&id=132&assessor_id=9448
Servicetotal Limited	Assessor	STRA10157	www.servicetotal.co.uk	01792 879697	/index.php?option=com_content&view=article&id=132&assessor_id=9327
The Warmer Group	Assessor	BSIA21149	www.thewarmergroup.co.uk	01202 864080	/index.php?option=com_content&view=article&id=132&assessor_id=9136
Green Hut Energy Ltd	Assessor	STRA10256	www.greenhutenergy.co.uk	0800 3689287	/index.php?option=com_content&view=article&id=132&assessor_id=9135
3JP Property Reports	Assessor	STRA10053	www.3jpreports.co.uk	0800 0147 449	/index.php?option=com_content&view=article&id=132&assessor_id=9379
Twyford Homes Limited	Assessor	EESA12011	www.twyfordhomes.com	02392 663385	/index.php?option=com_content&view=article&id=132&assessor_id=9231
Energy Basics Limited	Assessor	BSIA97418	www.energybasics.co.uk	0330 2230020	/index.php?option=com_content&view=article&id=132&assessor_id=9420
Merseyside Central Heating Ltd	Assessor	QUIA00025	www.mchlimited.co.uk	0151 924 9141	/index.php?option=com_content&view=article&id=132&assessor_id=9006
Reporting Limited	Assessor	BREA00005	www.reporting.co.uk	01983 522 144	/index.php?option=com_content&view=article&id=132&assessor_id=9244
Greener Homes Advice Centre	Assessor	EESA12102	www.greenerhomesadvicecentre.co.uk	0843 5574483	/index.php?option=com_content&view=article&id=132&assessor_id=9114
GDR Surveyors Limited	Assessor	STRA10242	www.greendealresourcing.co.uk	01926 676360	/index.php?option=com_content&view=article&id=132&assessor_id=9261
Excelsior Energy	Assessor	STRA10175		01302 854888	/index.php?option=com_content&view=article&id=132&assessor_id=9316
Brand Extension UK Limited	Assessor	EESA12083	www.beei.co.uk	02380 222221	/index.php?option=com_content&view=article&id=132&assessor_id=9188
Whitfield Gas Care	Assessor	NICA00121		0191 3787800	/index.php?option=com_content&view=article&id=132&assessor_id=9161
Insulated Homes Ltd	Assessor	STRA10289	www.insulatedhomes.net	01647 24599	/index.php?option=com_content&view=article&id=132&assessor_id=9075
GZ Energy Solutions Limited	Assessor	EESA12075	www.gzenergysolutions.co.uk	0141 2800100	/index.php?option=com_content&view=article&id=132&assessor_id=9194
Green Grant Efficiency LTD	Assessor	STRA10273	www.greengrant.co.uk	0121 523 3805	/index.php?option=com_content&view=article&id=132&assessor_id=9105
Alex Murray (Construction) Ltd	Assessor	EESA12105	www.alexmurrayconstruction.co.uk	01851 701675	/index.php?option=com_content&view=article&id=132&assessor_id=9103
Michael Dyson Associates Limited	Assessor	STRA10060	www.mdyson.co.uk	01484 666888	/index.php?option=com_content&view=article&id=132&assessor_id=9375
Green Start	Assessor	QUIA00041	www.greenstart.org.uk	0333 2005840	/index.php?option=com_content&view=article&id=132&assessor_id=9001
Halogen Fairies Ltd	Assessor	QUIA00018	www.halogenfairies.co.uk/	0151 3456123	/index.php?option=com_content&view=article&id=132&assessor_id=9150
Cube Property Maintenance Ltd	Assessor	STRA10117	www.cube-pm.co.uk	01902 212346	/index.php?option=com_content&view=article&id=132&assessor_id=9351
Carbon Hub Ltd	Assessor	STRA10169	www.carbonhub.co.uk	01204 275130	/index.php?option=com_content&view=article&id=132&assessor_id=9321
Your Energy Advisor Ltd	Assessor	STRA10136	www.yourenergyadvisor.com	01642 200130	/index.php?option=com_content&view=article&id=132&assessor_id=9340
Infinity Energy Organisation	Assessor	ECMA30005	www.infinityenergyorganisation.com	0203 638 4030	/index.php?option=com_content&view=article&id=132&assessor_id=9049
Clouds Environmental Consultancy Ltd	Assessor	EESA12111	www.cloudsenvironmental.co.uk	023 9263 9858	/index.php?option=com_content&view=article&id=132&assessor_id=9026
Mere End Consultants	Assessor	ECMA30045	www.mereendconsultants.co.uk	01270 898622	/index.php?option=com_content&view=article&id=132&assessor_id=8922
South West Green Deal Advice Service Ltd	Assessor	STRA10039	www.swgdas.co.uk	01392 247152	/index.php?option=com_content&view=article&id=132&assessor_id=9384
Job Worth Doing Ltd	Assessor	BREA00015	www.jobworthdoing.co.uk	01606 866500	/index.php?option=com_content&view=article&id=132&assessor_id=9246
The Green Deal Factory Ltd	Assessor	NAPA21780	www.thegreendealfactory.co.uk	01274 214557	/index.php?option=com_content&view=article&id=132&assessor_id=9175
Green Deal Manager UK Ltd	Assessor	QUIA00028		0151 934 7096	/index.php?option=com_content&view=article&id=132&assessor_id=8982
Sleaford Electrical & Refrigeration Co. Ltd. T/A SERCO	Assessor	STRA10280	www.bearonline.co.uk	01522 874874	/index.php?option=com_content&view=article&id=132&assessor_id=9095
Carbon Saving Solutions	Assessor	BSIA38614	www.carbonsaving.solutions	01773 531 378	/index.php?option=com_content&view=article&id=132&assessor_id=9021
QED Energy Ltd	Assessor	QUIA00002	www.qed-energy.com	01225 839 090	/index.php?option=com_content&view=article&id=132&assessor_id=9154
DPS Sussex Limited	Assessor	EESA12065	www.dpssussex.co.uk	01273 846576	/index.php?option=com_content&view=article&id=132&assessor_id=9201
Energy Move Ltd	Assessor	STRA10250	www.energymove.co.uk	0203 667 3353	/index.php?option=com_content&view=article&id=132&assessor_id=9253
Chris Hunter T/A Energess energy Services	Assessor	STRA10201	www.energess.co.uk	01642 424555	/index.php?option=com_content&view=article&id=132&assessor_id=9294
Thornton Engineering (UK) LTD	Assessor	STRA10226	www.thorntonengineeringuk.com	01656 747247	/index.php?option=com_content&view=article&id=132&assessor_id=9274
NEP Energy Services Ltd	Assessor	STRA10107	www.nottenergy.com	0115 9859057	/index.php?option=com_content&view=article&id=132&assessor_id=9354
ABR Energy	Assessor	QUIA00012	www.abrenergy.co.uk	01772 687032	/index.php?option=com_content&view=article&id=132&assessor_id=9013
NEEB Green Deal	Assessor	EESA12054	www.neebgreendeal.co.uk	0191 5214007	/index.php?option=com_content&view=article&id=132&assessor_id=9208
ECO Green Zone	Assessor	QUIA00063	www.ecogreenzone.co.uk	07808 022295	/index.php?option=com_content&view=article&id=132&assessor_id=8973
Ecojoules Group Ltd	Assessor	STRA10291	www.ecojoules.co.uk	0800 072 9927	/index.php?option=com_content&view=article&id=132&assessor_id=9070
Jane Needham Ltd	Assessor	STRA10037	www.needhamcharteredsurveyor.co.uk	01302 759085	/index.php?option=com_content&view=article&id=132&assessor_id=9385
Home Survey Reports Ltd.	Assessor	STRA10001	www.homesurveyreports.co.uk	0161 764 8780	/index.php?option=com_content&view=article&id=132&assessor_id=9404
Pyramid Solution South East Limited	Assessor	STRA10262	www.pyramidsolution.co.uk	0208 166 4157	/index.php?option=com_content&view=article&id=132&assessor_id=9126
The Green Deal Advice Service Ltd	Assessor	BSIA96692	greendealadviceservice.org/	07861 877 266	/index.php?option=com_content&view=article&id=132&assessor_id=9421
Solarwise Renewables Ltd	Assessor	ECMA30008	www.solarwise-rl.co.uk	02920 860 443	/index.php?option=com_content&view=article&id=132&assessor_id=9044
E.ON Energy Installations Services	Assessor	STRA14126	www.eonenergy.com	0800 054 6250	/index.php?option=com_content&view=article&id=132&assessor_id=8917
Agility Survey Ltd	Assessor	EESA12077		01296 311898	/index.php?option=com_content&view=article&id=132&assessor_id=1373
AFM Gas Services Ltd	Assessor	NICA00119		07773 335803	/index.php?option=com_content&view=article&id=132&assessor_id=9162
Plan View Assessment Solutions Ltd	Assessor	STRA10318	www.planviewsolutions.co.uk	01566 451325	/index.php?option=com_content&view=article&id=132&assessor_id=8955
Sustainable Homes & Gardens Ltd	Assessor	STRA10179	www.shgl.co.uk	0151 933 0328	/index.php?option=com_content&view=article&id=132&assessor_id=9312
Sun Spirit Ltd	Assessor	EESA12087	www.sunspirit.co.uk	0191 5118133	/index.php?option=com_content&view=article&id=132&assessor_id=9184
Federation of Groundwork Trusts	Assessor	EESA12121	www.groundwork.org.uk	0121 236 8565	/index.php?option=com_content&view=article&id=132&assessor_id=9025
Wise Energy (UK) Ltd	Assessor	EESA12046	www.wise-energy.co.uk	01759 377234	/index.php?option=com_content&view=article&id=132&assessor_id=9214
Simply GDAO Ltd	Assessor	STRA10294	www.simplygdao.com	01254 608561	/index.php?option=com_content&view=article&id=132&assessor_id=9065
Shelter 4 Green Deal	Assessor	ECMA30043	www.shelter4greendeal.co.uk	2071129030	/index.php?option=com_content&view=article&id=132&assessor_id=8924
E.ON UK PLC	Assessor	STRA10131	www.eon-uk.com	0330 4001187	/index.php?option=com_content&view=article&id=132&assessor_id=9342
Idea Energy Surveys Ltd	Assessor	STRA10024	www.ideaenergysurveys.co.uk	01325 352221	/index.php?option=com_content&view=article&id=132&assessor_id=9392
Union Technical Services Ltd	Assessor	ECMA30029	www.greendealunion.com	8000469190	/index.php?option=com_content&view=article&id=132&assessor_id=8943
SERS Energy Solutions Ltd	Assessor	STRA10085	www.sersltd.co.uk	01443 821349	/index.php?option=com_content&view=article&id=132&assessor_id=9364
KA Watts	Assessor	NICA00109	www.kawatts.co.uk	023 8068 4833	/index.php?option=com_content&view=article&id=132&assessor_id=8968
Cumbria Energy Consultants	Assessor	NAPA24594	www.cumbriaenergyconsultants.co.uk	01229 811891	/index.php?option=com_content&view=article&id=132&assessor_id=9130
