Company	Address	Phone Number	more_info
APHC Certification Ltd	Cranmore Drive…	1217115030	/index.php?option=com_content&view=article&id=134&cb_id=80
Benchmark Certification	International House…	0238 051 7069	/index.php?option=com_content&view=article&id=134&cb_id=78
Blueflame Certification Ltd	Chatterley Whitfield Enterprise Centre…	0845 194 9031	/index.php?option=com_content&view=article&id=134&cb_id=81
BRE Global Ltd	Bucknalls Lane…	3333218811	/index.php?option=com_content&view=article&id=134&cb_id=83
British Board of Agrément	Bucknalls Lane…	01923 665 300	/index.php?option=com_content&view=article&id=134&cb_id=84
BSI Ltd	Kitemark Court…	3450809000	/index.php?option=com_content&view=article&id=134&cb_id=85
Cavity Insulation Guarantee Agency	CIGA House, 3 Vimy Court…	01525 853300	/index.php?option=com_content&view=article&id=134&cb_id=86
Certass Ltd	37 Karrick Street…	1292292099	/index.php?option=com_content&view=article&id=134&cb_id=87
Certsure LLP trading as ELECSA	Warwick House…	0333 321 8220	/index.php?option=com_content&view=article&id=134&cb_id=88
Certsure LLP trading as NICEIC	Warwick House…	0870 013 0458	/index.php?option=com_content&view=article&id=134&cb_id=89
CompetentRoofer Ltd	Roofing House…	0207 448 3189	/index.php?option=com_content&view=article&id=134&cb_id=91
ECMK Ltd	Fore2…	0333 123 1418	/index.php?option=com_content&view=article&id=134&cb_id=92
Elmhurst Energy Systems Ltd	16 St John's Business Park…	0145 588 3250	/index.php?option=com_content&view=article&id=134&cb_id=93
Exova (UK) Ltd ta Exova BM TRADA	Stocking Lane…	01494 569821	/index.php?option=com_content&view=article&id=134&cb_id=82
FENSA Ltd	54 Ayres Street…	0207 645 3700	/index.php?option=com_content&view=article&id=134&cb_id=95
HETAS Ltd	Severn House, Unit 5 Newtown Trading Estate…	01684 278170	/index.php?option=com_content&view=article&id=134&cb_id=96
NAPIT Ltd	4th Floor, Mill 3…	0845 543 0330	/index.php?option=com_content&view=article&id=134&cb_id=97
Network VEKA Limited	Farrington Road…	01282 473170	/index.php?option=com_content&view=article&id=134&cb_id=98
Ocean Certification Ltd	192 Portland Road…	0191 222 0306	/index.php?option=com_content&view=article&id=134&cb_id=99
OFTEC	Dobbs Lane…	0845 6585080	/index.php?option=com_content&view=article&id=134&cb_id=100
Stroma Certification Ltd	Unit 4, Pioneer Way…	0845 621 1111	/index.php?option=com_content&view=article&id=134&cb_id=102
